{
    "action": {
        "mean": [
            5.614345073699951,
            -38.08732223510742,
            38.8847541809082,
            74.16090393066406,
            -54.908653259277344,
            6.3576531410217285
        ],
        "std": [
            17.517805099487305,
            41.511043548583984,
            40.50165557861328,
            16.552827835083008,
            7.208559513092041,
            9.675131797790527
        ],
        "min": [
            -28.096330642700195,
            -100.0,
            -55.98910903930664,
            29.566360473632812,
            -78.72340393066406,
            0.0
        ],
        "max": [
            47.24770736694336,
            35.898521423339844,
            100.0,
            100.0,
            -34.06882095336914,
            33.77265167236328
        ],
        "q01": [
            -25.344036102294922,
            -99.91543579101562,
            -36.0036311340332,
            37.384142303466795,
            -76.77961730957031,
            0.24711696803569794
        ],
        "q99": [
            40.683486480712915,
            32.093021392822266,
            99.72776794433594,
            99.73719024658203,
            -42.10664749145508,
            29.901153564453125
        ]
    },
    "observation.state": {
        "mean": [
            5.5491414070129395,
            -37.4797477722168,
            40.03419876098633,
            74.23152160644531,
            -54.928958892822266,
            8.944974899291992
        ],
        "std": [
            17.514257431030273,
            41.9163932800293,
            39.99239730834961,
            16.35968589782715,
            7.1512532234191895,
            8.702199935913086
        ],
        "min": [
            -27.945472717285156,
            -100.0,
            -52.865657806396484,
            30.061349868774414,
            -78.40251922607422,
            0.13812154531478882
        ],
        "max": [
            46.73807144165039,
            36.3791618347168,
            100.0,
            99.64942932128906,
            -34.839725494384766,
            31.284530639648438
        ],
        "q01": [
            -25.219083786010742,
            -100.0,
            -33.700138092041016,
            37.619632720947266,
            -77.08880615234375,
            0.48342540860176086
        ],
        "q99": [
            40.60369873046875,
            33.39026641845703,
            99.26638793945312,
            99.38650512695312,
            -42.30162811279297,
            29.834253311157227
        ]
    },
    "timestamp": {
        "mean": [
            5.952627182006836
        ],
        "std": [
            3.5213682651519775
        ],
        "min": [
            0.0
        ],
        "max": [
            13.866666793823242
        ],
        "q01": [
            0.10000000149011612
        ],
        "q99": [
            12.933333396911621
        ]
    },
    "frame_index": {
        "mean": [
            178.57882690429688
        ],
        "std": [
            105.64105224609375
        ],
        "min": [
            0.0
        ],
        "max": [
            416.0
        ],
        "q01": [
            3.0
        ],
        "q99": [
            388.0
        ]
    },
    "episode_index": {
        "mean": [
            13.887434959411621
        ],
        "std": [
            8.664026260375977
        ],
        "min": [
            0.0
        ],
        "max": [
            29.0
        ],
        "q01": [
            0.0
        ],
        "q99": [
            29.0
        ]
    },
    "index": {
        "mean": [
            5312.0
        ],
        "std": [
            3067.173095703125
        ],
        "min": [
            0.0
        ],
        "max": [
            10624.0
        ],
        "q01": [
            106.24000000000001
        ],
        "q99": [
            10517.76
        ]
    },
    "task_index": {
        "mean": [
            0.9492706060409546
        ],
        "std": [
            0.8235164880752563
        ],
        "min": [
            0.0
        ],
        "max": [
            2.0
        ],
        "q01": [
            0.0
        ],
        "q99": [
            2.0
        ]
    }
}