{
    "action": {
        "mean": [
            -4.107360363006592,
            -10.642813682556152,
            17.38546371459961,
            49.25758743286133,
            -27.67568016052246,
            15.194713592529297
        ],
        "std": [
            18.343589782714844,
            41.92466354370117,
            48.09597396850586,
            38.70146942138672,
            20.722782135009766,
            14.16338062286377
        ],
        "min": [
            -65.83177947998047,
            -100.0,
            -99.81884002685547,
            -99.6500473022461,
            -93.4065933227539,
            0.0
        ],
        "max": [
            60.74766540527344,
            82.57543182373047,
            100.0,
            100.0,
            35.18925476074219,
            57.480316162109375
        ],
        "q01": [
            -50.355140686035156,
            -99.06502532958984,
            -99.09420013427734,
            -62.2047233581543,
            -72.32625106811524,
            0.15748031437397003
        ],
        "q99": [
            46.09345626831055,
            66.25584411621094,
            98.00724792480469,
            99.6500473022461,
            13.894993782043457,
            45.354331970214844
        ]
    },
    "observation.state": {
        "mean": [
            -4.118370056152344,
            -9.416831016540527,
            18.718942642211914,
            49.48601150512695,
            -27.681608200073242,
            16.797571182250977
        ],
        "std": [
            18.315895080566406,
            42.174198150634766,
            47.81874084472656,
            38.30305862426758,
            20.65143585205078,
            12.265556335449219
        ],
        "min": [
            -65.51979064941406,
            -99.47734832763672,
            -97.66397094726562,
            -97.92656707763672,
            -92.62515258789062,
            0.41011619567871094
        ],
        "max": [
            60.562339782714844,
            79.44251251220703,
            98.47259521484375,
            98.87689208984375,
            35.238094329833984,
            57.07450485229492
        ],
        "q01": [
            -50.277469635009766,
            -98.78048706054688,
            -96.40611267089844,
            -61.123111724853516,
            -72.55189514160156,
            0.5468215942382812
        ],
        "q99": [
            46.059932708740234,
            67.50871276855469,
            97.84366607666016,
            98.7041015625,
            13.894993782043457,
            44.61790870666468
        ]
    },
    "timestamp": {
        "mean": [
            11.196285247802734
        ],
        "std": [
            7.403581619262695
        ],
        "min": [
            0.0
        ],
        "max": [
            35.733333587646484
        ],
        "q01": [
            0.1666666716337204
        ],
        "q99": [
            28.866666793823242
        ]
    },
    "frame_index": {
        "mean": [
            335.8885192871094
        ],
        "std": [
            222.10745239257812
        ],
        "min": [
            0.0
        ],
        "max": [
            1072.0
        ],
        "q01": [
            5.0
        ],
        "q99": [
            866.0
        ]
    },
    "episode_index": {
        "mean": [
            32.865299224853516
        ],
        "std": [
            21.759145736694336
        ],
        "min": [
            0.0
        ],
        "max": [
            79.0
        ],
        "q01": [
            0.0
        ],
        "q99": [
            78.0
        ]
    },
    "index": {
        "mean": [
            23721.703125
        ],
        "std": [
            13792.208984375
        ],
        "min": [
            0.0
        ],
        "max": [
            47512.0
        ],
        "q01": [
            469.62
        ],
        "q99": [
            47042.38
        ]
    },
    "task_index": {
        "mean": [
            1.1680258512496948
        ],
        "std": [
            1.0582456588745117
        ],
        "min": [
            0.0
        ],
        "max": [
            3.0
        ],
        "q01": [
            0.0
        ],
        "q99": [
            3.0
        ]
    }
}